{
  "version": 3,
  "artifactType": {
    "type": "APK",
    "kind": "Directory"
  },
  "applicationId": "mg.mgmap.rel",
  "variantName": "mg4ghRelease",
  "elements": [
    {
      "type": "SINGLE",
      "filters": [],
      "attributes": [],
      "versionCode": 41,
      "versionName": "0.9.8-41.0-mg4gh-release",
      "outputFile": "MGMapViewer-0.9.8-41.0-mg4gh-release.apk"
    }
  ],
  "elementType": "File",
  "baselineProfiles": [
    {
      "minApi": 28,
      "maxApi": 30,
      "baselineProfiles": [
        "baselineProfiles/1/MGMapViewer-0.9.8-41.0-mg4gh-release.dm"
      ]
    },
    {
      "minApi": 31,
      "maxApi": 2147483647,
      "baselineProfiles": [
        "baselineProfiles/0/MGMapViewer-0.9.8-41.0-mg4gh-release.dm"
      ]
    }
  ],
  "minSdkVersionForDexing": 26
}